create_scheme,drop_scheme,index_type,pandas_time,pandas_memory,grizzlies_time,grizzlies_memory
sliding,lru,ordered,0.2683226100052707,2404.223046875,0.0028860199847258626,2400.680859375
sliding,lru,hash,0.2737639300059527,3781.1015625,0.00320519000524655,3778.107421875
sliding,min,ordered,0.27892472001258284,3175.037890625,0.0035952100064605475,3172.012890625
sliding,min,hash,0.2707921700086445,4243.517578125,0.0027303399867378174,2392.557421875
sliding,treshhold,ordered,0.26259420997230337,3791.231640625,0.0027417199919000266,3787.955859375
sliding,treshhold,hash,0.29179245999548586,2395.410546875,0.0028101500123739243,2392.425390625
basic,lru,ordered,0.28905177001142873,2620.605078125,0.25286057000048456,2199.2375
basic,lru,hash,0.30024018997792157,2749.7328125,0.2640265499940142,2190.354296875
