Operation,Library,Avg Time (s),Avg Memory (MiB)
Column Access,Pandas,0.09816166999517009,516.690234375
Column Access,Grizzlies,0.09418069998500869,1384.215234375
Row Lookup,Pandas,0.05357855999609455,1393.330078125
Row Lookup,Grizzlies,0.000978890003170818,872.291015625
Filter,Pandas,0.0022163599962368606,816.2296875
Filter,Grizzlies,0.002122369990684092,816.2421875
